ImperialID,GitHubID
an118,unfermented
kp718,acrobatical
kb518,Kevin-89
cb1618,Carolyn-50
kh518,tossed
lp618,Lucien-4
sp918,Seymour-82
jd1418,Brianza
tc2018,Terry-93
tm1718,fancied
cs918,Carol-93
pz1818,solidarities
hw1618,Heidi-90
et1218,Edward-39
tg1818,Thelma-85
la218,Larry-33
dw1318,dw1318
hm618,porti√®re
jn1318,Jana-42
sk1118,Sheila-30
ae218,ae218
hg1718,Helena-12
jf618,brittanic
mm118,Mary-51
df218,remeant
mj118,Mary-11
ma918,ma918
ak1218,air-cock
da418,da418
cl1718,sewing-press
af1318,af1318
ry1718,glottology
pt518,Petra-74
jd1618,jd1618
se1618,Sarah-62
jk1618,Jacqueline-33
ew1718,ew1718
be1218,bearing
bj1318,Brenda-54
dh1818,enchain
sh618,sh618
dm618,dm618
mg518,Mary-24
kl1318,wrestler
jr1318,jr1318
cl1318,co-lessor
rb918,Robert-6
rm518,rm518
dm1918,Danielle-81
am1118,am1118
if1318,upbrought
jf218,nondiabetic
gu918,Gwendolyn-75
pf1118,hungover
hh918,hh918
jb918,miffy
jp918,raptors
jm1218,rascally
kk418,kk418
dg2018,solar
wb1918,wb1918
ap218,Adam-8
bd1918,Britni-25
lw618,top-lantern
jh118,beavers
ls818,boardwalk
js318,consisting
dw118,monton
fg218,abbreviated
ea418,ea418
rs2018,rs2018
jh318,jh318
dp1118,Diana-50
tl2018,tl2018
kr618,kr618
jb1918,John-83
mt1018,filming
mb118,hanty
rk1118,rk1118
dc218,Debra-34
dp818,dp818
rm218,Robert-33
bk118,azurites
pr2018,dadlike
rf1218,motes
mo418,Morgan-24
rm1518,svengali
wq1118,wq1118
mc618,mc618
jm1718,jm1718
mw918,mw918
es218,Buchner
lb318,lb318
iw818,iw818
jl818,swifter
cl1618,teemingness
nc918,nc918
lv1918,sarcophage
ln1618,medial
ds618,struthiones
dk718,dk718
cg418,Christopher-24
gl818,
ps1518,ps1518
hw618,autohidden
wm1318,squire
ju518,Janice-62
ma2018,Marjorie-16
eb1218,frenemies
rs618,rewild
ja218,Jay-9
mj1418,mj1418
rt618,Rudolph-35
wg418,wg418
sm118,Steven-94
mr818,mr818
cs1618,damosella
sa118,tollbar
jr1418,jr1418
jm1318,palmipeds
lv218,lv218
th1618,Traci-26
bl1818,Bessie-25
fh1018,fh1018
rh1518,delayer
cg918,Christina-92
db1018,adroitness
jg1218,Jose-4
gp1918,Gwenda-15
rc218,rc218
ds1518,Daniel-30
hb1018,untowardly
at318,at318
kj1518,sweater
sy1418,loxitane
lb818,inveiglement
vn1418,Vernon-96
cr1018,Catherine-19
ta118,known
tc918,hostessing
