FirstName,Surname,Username
Patrick,Forth,PF1118
Lorene,Vaux,LV1918
Gwendolyn,Ulbrich,GU918
Richard,Mccoy,RM518
Marjorie,Jackson,MJ1418
Morgan,Otter,MO418
Jay,Adams,JA218
Lee,Beltz,LB318
Deanna,Becknell,DB1018
Christina,Gross,CG918
Mary,Merritt,MM118
James,Holmes,JH318
Bobby,Patton,BP1918
Hortense,Worley,HW618
Magaret,Brown,MB118
Gwendolyn,Lichty,GL818
Michelle,Anderson,MA918
Marc,Coleman,MC618
Harold,Birch,HB1018
Carol,Stapleton,CS918
John,Bourbeau,JB918
Adam,Macias,AM1118
Bridget,Edmondson,BE1218
Adam,Parker,AP218
Petra,Turner,PT518
Kari,Palermo,KP718
Christopher,Goodsell,CG418
Kelli,Jones,KJ1518
Jeffrey,Foreman,JF218
Andre,Fields,AF1318
Lindsey,Bourne,LB818
Thomas,Mortensen,TM1718
Rachel,Conroy,RC218
Scott,Alford,SA118
Sarah,Endo,SE1618
Nancy,Corey,NC918
Andrew,Kent,AK1218
Jose,Lawson,JL818
Sheila,Key,SK1118
Robert,Maruschak,RM218
Ida,Faulk,IF1318
Jacob,Rice,JR1318
Edward,Thompson,ET1218
Erick,Rupert,ER1518
Ronald,Smith,RS618
Chris,Losee,CL1618
David,Hensley,DH1818
James,Horner,JH118
Darcie,Flythe,DF218
Elise,Smith,ES218
Debra,Chapin,DC218
Larry,Avalos,LA218
Justin,Micklos,JM1718
Kathleen,Kirkwood,KK1818
Harry,Mendoza,HM618
Robert,Schwartz,RS2018
Don,Graham,DG2018
Traci,Ham,TH1618
John,Smith,JS318
Janet,Ritzman,JR1418
Delores,Posada,DP818
Terry,Alderman,TA118
Raymond,Yates,RY1718
Rudolph,Thompson,RT618
Myong,Rodriguez,MR818
Christine,Lopez,CL1318
Brenda,Johnson,BJ1318
Jessica,Monroe,JM1218
Karl,Layton,KL1318
Jacqueline,Kaauamo,JK1618
Carolyn,Bozeman,CB1618
Helena,Goldfeder,HG1718
Catherine,Ryerson,CR1018
Doris,Micheals,DM618
Seymour,Perez,SP918
Jana,Norton,JN1318
Erica,Williams,EW1718
Heidi,Whitman,HW1618
Terry,Clements,TC2018
Robert,Kelley,RK1118
Freddie,Gandy,FG218
Britni,Drewett,BD1918
Lucien,Powell,LP618
Ida,Wilson,IW818
Linda,Willingham,LW618
Mildred,Weaver,MW918
William,Bolin,WB1918
Karen,Kipp,KK418
Darren,Bell,DB1118
Kelly,Ratzlaff,KR618
Darryl,Atkins,DA418
Philip,Renick,PR2018
Harry,Hebert,HH918
Ronald,Martinez,RM1518
Gwenda,Passmore,GP1918
Mildred,Tartaglia,MT1018
Jerry,Merrick,JM1318
Steven,Merk,SM118
Mary,Garcia,MG518
Danielle,Mcauliffe,DM1918
Josef,Dennis,JD1418
Juan,Davis,JD1618
Benjamin,Klepchick,BK118
Callie,Landry,CL1718
Donna,Winfield,DW1318
John,Baro,JB1918
Donald,Wallace,DW118
Dave,Kroon,DK718
Daniel,Serrano,DS1518
Ted,Willsey,TW518
Amy,Epp,AE218
Randolph,Hardy,RH1518
Thelma,Gifford,TG1818
Walter,Molina,WM1318
Kevin,Bush,KB518
Amanda,Nagy,AN118
Karri,Hughes,KH518
Elizabeth,Bloom,EB1218
Edna,Adams,EA418
William,Gonzalez,WG418
Bessie,Lyster,BL1818
Robert,Burnside,RB918
Kathyrn,Wells,KW2018
Vernon,Niles,VN1418
Marjorie,Schwartz,MS1518
Steven,Howell,SH618
Terry,Camarillo,TC918
Laticia,Vega,LV218
Brian,Jenkins,BJ1418
Donald,Sparks,DS618
Diana,Paquette,DP1118
William,Quinn,WQ1118
Polly,Smith,PS1518
Thelma,Goodin,TG1718
Candace,Sherrell,CS1618
Alejandro,Tarpley,AT318
John,Palacio,JP918
Jose,Freiseis,JF618
Larry,Nelson,LN1618
Shirley,York,SY1418
Rhonda,Fox,RF1218
Larry,Sells,LS818
Timothy,Lombardo,TL2018
Janice,Urda,JU518
Sandra,Wallace,SW1818
Frank,Herndon,FH1018
Pamela,Zody,PZ1818
Jose,Gibson,JG1218
Marjorie,Albright,MA2018
Mary,Jackson,MJ118
